,0,1,2,3,4,5,6,7,8,9,10,11,12,13,14,15,16,17,18,19,20,21,22,23,24,25,26,27,28,29,30,31,32,33,34,35,36,37,38,39,40,41,42,43,44,45,46,47,48,49,50,51,52,53,54,55,56,57,58,59,60,61,62,63,64,65,66,67,68,69,70,71,72,73,74,75,76,77,78,79,80
0,0,0.041222803,0.13287063,0.04345317,0.016018093,0.04696249,0.025376277,0.06226312,0.030991187,0.038212586,0.010808704,0.010075646,0.005100211,0.06407237,0.012399594,0.010808704,0.0319582,0.031318724,0.005739687,0.009592139,0.013491383,0.001247758,0.001684473,0.006831475,0.078515165,0.05376277,0.09704437,0.05664821,0.02401934,0.02840209,0.04747719,0.025298292,0.063900806,0.03273805,0.038633704,0.040583327,0.05329486,0.05248382,0.052421432,0.0711378,0.025688216,0.07561413,0.027591048,0.03680886,0.026280902,0.045168836,0.014473992,0.007876472,0.015331825,0.007533338,0.004257974,0.005708492,0.010793106,0.024939561,0.013023473,0.024627622,0.12532169,0.034874834,0.030601263,0.019932933,0.09153864,0.006347969,0.030226937,0.027357092,0.007392966,0.032098573,0.009311394,0.059736412,0.007533338,0.016033689,0.000748655,0.015815333,0.013616159,0.035545506,0.029712236,0.013085862,0.00608282,0.01335101,0.001528504,0.008422366,0
1,0.8127306,0,0.3797663,0.13899139,0.005227552,0.13284133,0.031672817,0.13776138,0.03813038,0.14114392,0.03198032,0.038437884,0.023677737,0.10362854,0.019372694,0.021832718,0.04305043,0.024292743,0.003075031,0.017220173,0.007687577,0.000307503,0.000615006,0.000307503,0.19526446,0.095325954,0.20018451,0.025215251,0.034440346,0.009840098,0.001230012,0.000307503,0.013530135,0.022755228,0.005227552,0.00399754,0.07564576,0.011685117,0.004305043,0.050430503,0.004305043,0.029827798,0.004612546,0.006765068,0.004305043,0.014760148,0.019372694,0.005227552,0.005535055,0.006150062,0.001537515,0.003075031,0.003382534,0.004305043,0.00399754,0.002767528,0.07749078,0.011685117,0.044895448,0.006150062,0.042742927,0.001845019,0.013530135,0.008610087,0.004305043,0.003690037,0.004612546,0.05627306,0.001845019,0.002767528,0.000307503,0.002460025,0.005535055,0.021832718,0.029827798,0.005227552,0.001537515,0.007687577,0,0.001230012,0
2,0.6953718,0.1008081,0,0.11239899,0.029140478,0.17345522,0.03444617,0.29907763,0.021386009,0.20684026,0.06228063,0.06334177,0.03869072,0.06652518,0.014855931,0.013386662,0.0392621,0.031262755,0.007019835,0.01199902,0.009060485,0.000653008,0.003918048,0.003999673,0.08431964,0.063423395,0.12350012,0.024324546,0.025630562,0.022365522,0.006040323,0.00326504,0.02383479,0.021304384,0.010937883,0.011264387,0.05068974,0.010937883,0.012080646,0.019590238,0.003836422,0.019508611,0.005142437,0.004571056,0.004489429,0.007427965,0.006040323,0.002612032,0.004407804,0.003183414,0.001142764,0.001959024,0.004244552,0.005632193,0.005060812,0.003183414,0.044731043,0.003836422,0.029385356,0.001795772,0.025304057,0.001959024,0.005958697,0.004571056,0.001877398,0.000979512,0.002203902,0.038364217,0.000979512,0.001306016,8.16E-05,0.000897886,0.00285691,0.007427965,0.04073137,0.00326504,0.000734634,0.006530079,0.000163252,0.000734634,0
3,0.7955454,0.1290691,0.39320388,0,0.004283267,0.08366647,0.006853227,0.18018275,0.006282125,0.09194746,0.011707596,0.02312964,0.009137636,0.033980582,0.007138778,0.010850943,0.03083952,0.007138778,0.003997716,0.026270702,0.010850943,0.000285551,0,0,0.09537407,0.054825813,0.12764135,0.018846374,0.018275272,0.001142205,0.000571102,0.000285551,0.003141062,0.002855511,0.000571102,0,0.008566533,0.001998858,0.001142205,0.016847515,0.001713307,0.009994289,0.001713307,0.001427756,0.000856653,0.004854369,0.0128498,0.002855511,0.000571102,0.004283267,0.000285551,0.001427756,0.000285551,0.001713307,0.000571102,0.000856653,0.046830382,0.001142205,0.03312393,0.000285551,0.01541976,0.000285551,0.003997716,0.001998858,0.000856653,0.000571102,0.000856653,0.02284409,0.000571102,0,0,0,0.001427756,0.007424329,0.014563107,0.000856653,0.000285551,0.004283267,0.000285551,0,0
4,0.34393838,0.005693235,0.11955794,0.005023443,0,0.024112524,0.002679169,0.21567315,0.026121901,0.007367716,0.001674481,0.001674481,0.000669792,0.008037508,0.008372405,0.001004689,0.002009377,0.001339585,0.000669792,0.000669792,0.000334896,0,0,0.000334896,0.023107836,0.003683858,0.031815138,0.01406564,0.025787005,0.001004689,0.000669792,0,0.000669792,0.005023443,0.000669792,0.000669792,0.000669792,0.001004689,0.001004689,0.003348962,0.000334896,0.002344273,0,0.001004689,0,0.001339585,0,0,0,0,0,0,0,0.000334896,0,0.002344273,0.015070329,0,0.003683858,0.000334896,0.004018754,0,0.002344273,0.001674481,0,0.000669792,0.000669792,0.004018754,0,0.000334896,0,0.000334896,0.000669792,0.002679169,0.003683858,0.000334896,0,0.000669792,0.000334896,0,0
5,0.76189274,0.109311745,0.53770244,0.07413968,0.018218623,0,0.024544535,0.23203442,0.014423077,0.21685223,0.021255061,0.03137652,0.008856275,0.054908905,0.010374494,0.000759109,0.012145749,0.01923077,0.004301619,0.006831984,0.004048583,0.000759109,0.001012146,0.002024292,0.120951414,0.04352227,0.1707996,0.030364372,0.02834008,0.000759109,0.002783401,0.000759109,0.003795547,0.008097166,0.001012146,0.001518219,0.012398785,0.003036437,0.002024292,0.008350203,0.000253036,0.004554656,0,0.000253036,0.000253036,0.001012146,0.003036437,0.002024292,0.002024292,0.002530364,0,0.000506073,0.002024292,0.000759109,0.002024292,0.000506073,0.021761134,0.000253036,0.021255061,0,0.008097166,0,0.002783401,0.001518219,0.000506073,0,0.000253036,0.022773279,0,0,0.000253036,0,0,0.003289474,0.041751012,0.000759109,0,0.002024292,0.000253036,0,0
6,0.45345595,0.0287068,0.11761427,0.006688963,0.002229655,0.02703456,0,0.048216276,0.015886288,0.11287625,0.003623189,0.010869565,0.001393534,0.06521739,0.00613155,0.00083612,0.004738016,0.007525084,0.001393534,0.002508361,0.002787068,0,0.000278707,0,0.067447044,0.010590859,0.09615385,0.018394649,0.046544034,0,0.00083612,0.000278707,0.000557414,0.00083612,0,0,0.002787068,0.000557414,0,0.007246377,0.001672241,0.003065775,0.000278707,0.000278707,0.000278707,0.00083612,0.001114827,0.001114827,0.000557414,0.000557414,0,0.000278707,0.000557414,0,0.00083612,0.005295429,0.018115941,0.001114827,0.010869565,0.000557414,0.005016722,0.000557414,0.002787068,0.001950948,0.000278707,0,0.00083612,0.017279822,0,0.000557414,0,0.000278707,0.000278707,0.005016722,0.024247492,0.000557414,0,0.001950948,0,0,0
7,0.65154237,0.073118985,0.5980088,0.10298678,0.10510854,0.14966542,0.028235678,0,0.023339318,0.17447364,0.044230454,0.048310757,0.021380773,0.03835482,0.013709809,0.002611392,0.036885913,0.03476416,0.013546597,0.016647626,0.008976661,0.001142484,0.003590664,0.0040803,0.07034438,0.04455688,0.10168108,0.020891137,0.024808226,0.014362657,0.005059572,0.003590664,0.011588053,0.0163212,0.00571242,0.005222784,0.025297862,0.007997389,0.0040803,0.017790109,0.001958544,0.010608781,0.001795332,0.001468908,0.00326424,0.006202057,0.008323813,0.004406724,0.001305696,0.004733149,0.001305696,0.002611392,0.001958544,0.002121756,0.00244818,0.002937816,0.03639628,0.002284968,0.021707198,0.001142484,0.015015505,0.00163212,0.002774604,0.002121756,0.000326424,0.000489636,0.000652848,0.027419617,0.000489636,0.000979272,0,0.000326424,0.001795332,0.00326424,0.023012893,0.001142484,0.00081606,0.002611392,0,0.000163212,0
8,0.6568595,0.040991735,0.08661157,0.007272727,0.025785124,0.018842975,0.018842975,0.047272727,0,0.004297521,0.001983471,0.001983471,0.000991736,0.06677686,0.07801653,0.001652893,0.05090909,0.012561983,0.003305785,0.014876033,0.004958678,0.000661157,0,0.002644628,0.03768595,0.08595041,0.039338842,0.004628099,0.009256198,0.011900826,0.00661157,0.001983471,0.008595041,0.040991735,0.001983471,0.000661157,0.008264462,0.05818182,0.000661157,0.023140496,0.004297521,0.014545455,0.004297521,0.007603306,0.003636364,0.010909091,0.007603306,0.005950413,0.003636364,0.002975207,0,0.000991736,0.002975207,0.000991736,0.000661157,0.001983471,0.060826447,0.003636364,0.013884298,0.001652893,0.022479339,0.001322314,0.003636364,0.001322314,0.000330579,0.001322314,0.000661157,0.012231405,0.000330579,0.000991736,0,0.001652893,0.000991736,0.003636364,0.021818181,0.003636364,0,0.003636364,0,0.000661157,0
9,0.5919304,0.11089635,0.6122252,0.07779657,0.005315294,0.20705484,0.09784972,0.25827494,0.003140855,0,0.060401063,0.040589515,0.022469195,0.044213578,0.01304663,0.000724813,0.014013046,0.019811548,0.000724813,0.002174438,0.002657647,0,0,0,0.10872191,0.055327374,0.16115004,0.019569945,0.017153902,0.000724813,0.002174438,0.001208021,0.002416043,0.002416043,0.000724813,0.001208021,0.020294758,0.001932834,0.00169123,0.009180961,0.000483209,0.007006523,0,0,0.000724813,0.000966417,0.001449626,0.000966417,0.001208021,0.000724813,0.000241604,0.000241604,0.002174438,0.000966417,0.002416043,0.000241604,0.013529838,0,0.02561005,0.000241604,0.006281711,0.000724813,0.004348876,0.001449626,0.000241604,0.000483209,0.000483209,0.026576467,0.000241604,0.000724813,0,0.000241604,0.000241604,0.003140855,0.050978497,0.000966417,0.000241604,0.00169123,0,0.000241604,0
10,0.4050263,0.060783166,0.44593805,0.023962595,0.002922268,0.049094096,0.007597896,0.1583869,0.003506721,0.14611338,0,0.06954997,0.02980713,0.047340736,0.007013443,0.002922268,0.028638223,0.007013443,0.000584454,0.001168907,0.000584454,0,0,0,0.054938633,0.028638223,0.07831677,0.004675628,0.007013443,0.002337814,0,0.000584454,0.006428989,0.001753361,0.004091175,0.001753361,0.018702513,0.001753361,0.001168907,0.007597896,0.001753361,0.008766803,0,0,0,0.002922268,0.000584454,0.000584454,0.001753361,0.000584454,0,0,0.001168907,0.001168907,0.000584454,0.000584454,0.020455875,0.001753361,0.035651665,0.000584454,0.006428989,0.000584454,0.004091175,0,0,0,0,0.015780246,0.000584454,0,0,0.000584454,0,0.002922268,0.015780246,0.001753361,0,0.002922268,0,0,0
11,0.37254903,0.07208766,0.4475202,0.046712805,0.002883506,0.071510956,0.022491349,0.17070358,0.003460208,0.096885815,0.068627454,0,0.016724337,0.022491349,0.008073818,0.001730104,0.00922722,0.012110727,0.002306805,0.002883506,0.002883506,0,0.001153403,0.001153403,0.05017301,0.024221454,0.06978086,0.005767013,0.009803922,0.004036909,0.004036909,0.002306805,0.003460208,0.003460208,0.002306805,0.002306805,0.013840831,0.002306805,0.002883506,0.008073818,0.001153403,0.008650519,0.001730104,0.002883506,0.000576701,0.003460208,0.001730104,0,0.002306805,0.000576701,0,0.000576701,0,0.001153403,0.000576701,0.002306805,0.014994233,0.001730104,0.022491349,0.002306805,0.006343714,0.000576701,0.001730104,0.000576701,0,0.000576701,0.000576701,0.012687428,0,0.000576701,0,0,0.001730104,0.002883506,0.014417532,0.001153403,0.001153403,0.001730104,0,0,0
12,0.4638298,0.10921986,0.67234045,0.04539007,0.002836879,0.04964539,0.007092198,0.1858156,0.004255319,0.1319149,0.07234043,0.041134752,0,0.04539007,0.004255319,0.004255319,0.026950354,0.007092198,0.002836879,0,0,0,0,0,0.05815603,0.026950354,0.10638298,0.009929078,0.011347517,0.005673759,0.002836879,0,0,0.00141844,0,0,0.009929078,0,0,0.004255319,0.00141844,0.018439716,0.002836879,0,0,0,0.00141844,0,0,0,0,0,0.002836879,0.004255319,0.00141844,0.00141844,0.021276595,0.00141844,0.034042552,0,0.018439716,0.004255319,0.00141844,0.002836879,0,0,0.00141844,0.018439716,0.00141844,0,0,0,0,0.004255319,0.012765957,0.002836879,0,0,0,0,0
13,0.7375224,0.060502693,0.14631957,0.021364452,0.004308797,0.038958706,0.042010773,0.042190306,0.03626571,0.03285458,0.01454219,0.007001795,0.005745063,0,0.035368044,0.025493717,0.046140037,0.011131059,0.00502693,0.006822262,0.02010772,0.002154399,0.001615799,0.003590664,0.1021544,0.06588869,0.14201078,0.026391383,0.026032316,0.024416517,0.011669659,0.00556553,0.07701975,0.013285458,0.07737882,0.067863554,0.057809696,0.00556553,0.0513465,0.0551167,0.005385996,0.044524238,0.012387792,0.008438061,0.010233393,0.020287253,0.00502693,0.003231598,0.009156194,0.002872531,0.000897666,0.001077199,0.005745063,0.009335727,0.003590664,0.005385996,0.123518854,0.01059246,0.05924596,0.004847397,0.07648115,0.001615799,0.007181329,0.012028725,0.001077199,0.001436266,0.001256733,0.0491921,0.001256733,0.001436266,0,0.004129264,0.002154399,0.029982047,0.03249551,0.009156194,0.001077199,0.00951526,0.000179533,0.000897666,0
14,0.24559778,0.019462464,0.0562249,0.007723201,0.007723201,0.012666049,0.006796416,0.025949953,0.072907016,0.016682113,0.003707136,0.004324992,0.000926784,0.06085882,0,0.022551745,0.020698177,0.014210689,0.012974977,0.023169601,0.022551745,0.006487488,0.030274946,0.042940997,0.019771393,0.02347853,0.03429101,0.005560705,0.003707136,0.004942848,0.000926784,0,0.002780352,0.013283905,0.000617856,0.000617856,0.006487488,0.017299969,0.000308928,0.018226754,0.003707136,0.022242818,0.004016064,0.004016064,0.004942848,0.017608898,0.005251776,0.014828545,0.000308928,0.003707136,0.000926784,0.001235712,0.00154464,0.002162496,0.000926784,0.005251776,0.049119554,0.010812481,0.022860674,0.006487488,0.028421378,0.00154464,0.010812481,0.004016064,0.001853568,0.00308928,0.00308928,0.007414273,0.002471424,0.00617856,0.000308928,0.005869633,0.004324992,0.018226754,0.033673152,0.009267841,0.00308928,0.003707136,0,0.001853568,0
15,0.1684492,0.017258143,0.03986388,0.009236753,0.000729217,0.000729217,0.000729217,0.003889159,0.001215362,0.000729217,0.001215362,0.000729217,0.000729217,0.034516286,0.017744288,0,0.050559066,0.001458435,0.003159942,0.00097229,0.000729217,0.000729217,0.000729217,0.000243072,0.02187652,0.014098201,0.030384054,0.01093826,0.053475935,0.000243072,0.000243072,0,0.004375304,0.000486145,0.000486145,0.000729217,0.000729217,0.000486145,0.00097229,0.07292173,0.007778318,0.064414196,0.005833739,0.00899368,0.008750607,0.05979582,0.009479825,0.007049101,0.003403014,0.005347594,0.001215362,0.004375304,0,0.003159942,0.003403014,0.004132231,0.14098202,0.116674766,0.05760817,0.13174526,0.05396208,0.037190083,0.09771512,0.09552747,0.041565385,0.049343705,0.05590666,0.019688867,0.00899368,0.008750607,0.000729217,0.04521147,0.022119591,0.1251823,0.015313564,0.025036462,0.007535246,0.02187652,0.001701507,0.010209043,0
16,0.4672748,0.031927023,0.109692134,0.024629418,0.001368301,0.010946408,0.003876853,0.05153934,0.035119727,0.01322691,0.011174458,0.003648803,0.004332953,0.058608893,0.015279361,0.047434434,0,0.024857469,0.02645382,0.015735462,0.001824401,0.001368301,0.001140251,0.00022805,0.049486887,0.021664767,0.059521094,0.01413911,0.018472064,0.11881414,0.011630558,0.001824401,0.018928165,0.01391106,0.002280502,0.002508552,0.018015964,0.023945268,0.003192702,0.05176739,0.005701254,0.045610033,0.005929304,0.008209806,0.007525655,0.038312428,0.005017104,0.005245154,0.002280502,0.006841505,0.000912201,0.005701254,0.002508552,0.006385405,0.005017104,0.015051311,0.12132269,0.10627138,0.042417333,0.08095781,0.05085519,0.005473204,0.03922463,0.02827822,0.007753706,0.02873432,0.012770809,0.020524515,0.006157355,0.012314709,0.0004561,0.012542759,0.012770809,0.06431015,0.015963512,0.018015964,0.002280502,0.022576967,0.002280502,0.004104903,0
17,0.68276095,0.026861612,0.13022782,0.00850051,0.001360082,0.02584155,0.00918055,0.072424345,0.012920775,0.027881673,0.004080245,0.007140428,0.001700102,0.021081265,0.015640939,0.002040122,0.037062224,0,0.019041143,0.04318259,0.003060184,0,0.005780347,0.002040122,0.031281877,0.026181571,0.044882692,0.045562733,0.003400204,0.00034002,0.002720163,0.00034002,0.005100306,0.00034002,0,0.00034002,0.00034002,0.00034002,0.00034002,0.012580755,0.001360082,0.007820469,0,0.001700102,0.002040122,0.005780347,0.001700102,0.001020061,0.000680041,0.001020061,0.000680041,0.001700102,0,0.00034002,0.001360082,0.006800408,0.035702143,0.003740225,0.02516151,0.002040122,0.011220673,0.000680041,0.005440326,0.000680041,0.000680041,0.000680041,0.000680041,0.012580755,0.00034002,0.001700102,0.00034002,0.002380143,0.001020061,0.00850051,0.010880653,0.005780347,0.00034002,0.002720163,0,0.000680041,0
18,0.24068019,0.006540223,0.056245912,0.009156311,0.001308044,0.011118379,0.003270111,0.054283846,0.006540223,0.001962067,0.000654022,0.002616089,0.001308044,0.018312622,0.027468935,0.008502289,0.07586658,0.036625244,0,0.06801831,0,0.000654022,0.004578156,0.000654022,0.016350556,0.004578156,0.022890778,0.011118379,0.003270111,0,0,0,0.000654022,0.000654022,0,0,0,0.000654022,0,0.010464355,0.001308044,0.0058862,0,0.001962067,0.001962067,0.0058862,0.000654022,0.000654022,0.000654022,0,0,0.001308044,0,0,0.000654022,0.004578156,0.0176586,0.001962067,0.005232178,0.001308044,0.007194245,0,0.001962067,0.001962067,0.000654022,0,0.000654022,0.009156311,0,0,0,0.000654022,0.000654022,0.001962067,0.001308044,0.001962067,0.0058862,0.004578156,0,0,0
19,0.3125,0.028455285,0.074695125,0.046747968,0.00101626,0.013719512,0.004573171,0.051829267,0.022865854,0.004573171,0.00101626,0.00254065,0,0.019308943,0.038109757,0.00203252,0.035060976,0.06453252,0.05284553,0,0.005081301,0.00050813,0.019817073,0.011686992,0.016260162,0.014735772,0.022865854,0.011686992,0.003556911,0.00101626,0,0,0.00101626,0.00101626,0,0.00050813,0,0.00050813,0,0.008638212,0,0.004573171,0,0.00050813,0,0.006605691,0.004065041,0.00254065,0,0.00254065,0,0,0,0,0.00050813,0.00050813,0.015243903,0.00050813,0.005589431,0.00203252,0.007113821,0.00050813,0.004065041,0.00254065,0,0,0.00050813,0.006605691,0,0.00050813,0,0.00050813,0.00152439,0.00152439,0.00254065,0.00050813,0,0.00254065,0.00050813,0,0
20,0.40363976,0.011665889,0.051796548,0.01773215,0.000466636,0.007466169,0.004666355,0.025664955,0.006999533,0.005132991,0.000466636,0.002333178,0,0.05226318,0.034064397,0.001399907,0.003733085,0.00419972,0,0.004666355,0,0.001866542,0.016332245,0.011199254,0.03266449,0.024731684,0.045730285,0.006066262,0.001399907,0,0,0,0.014465703,0,0.000466636,0,0,0,0,0.006999533,0,0.002799813,0.000466636,0.001399907,0.000466636,0.00419972,0.00419972,0.002799813,0,0.001866542,0.000466636,0.002799813,0,0,0,0.000466636,0.022865143,0.001866542,0.006532898,0.000933271,0.005599627,0.000933271,0.002333178,0,0,0.000466636,0,0.006532898,0.000933271,0.000466636,0,0.000933271,0.001399907,0.00419972,0.00419972,0.001399907,0,0.001399907,0,0,0
21,0.083333336,0.001041667,0.008333334,0.001041667,0,0.003125,0,0.007291667,0.002083333,0,0,0,0,0.0125,0.021875,0.003125,0.00625,0,0.001041667,0.001041667,0.004166667,0,0.003125,0.003125,0.008333334,0.002083333,0.00625,0.001041667,0.001041667,0.003125,0,0,0.016666668,0,0,0,0.001041667,0,0,0.005208334,0.001041667,0.004166667,0.001041667,0.001041667,0,0.005208334,0.001041667,0.002083333,0,0.001041667,0,0.014583333,0,0,0,0.004166667,0.015625,0.004166667,0.005208334,0,0.00625,0,0.002083333,0,0.001041667,0.001041667,0.001041667,0.004166667,0.001041667,0,0,0,0.002083333,0.009375,0.003125,0.003125,0,0.016666668,0,0,0
22,0.05636743,0.001043841,0.025052192,0,0,0.002087683,0.000521921,0.011482255,0,0,0,0.001043841,0,0.004697286,0.051148225,0.001565762,0.002609603,0.008872652,0.003653445,0.020354906,0.018267224,0.001565762,0,0.10281837,0.001565762,0.004175365,0.004697286,0.002609603,0.001043841,0,0,0,0.000521921,0,0,0,0,0.000521921,0,0.000521921,0,0.001565762,0,0,0,0.003653445,0,0,0,0,0.000521921,0,0,0,0,0.001043841,0.003131524,0.000521921,0.004175365,0,0.001565762,0,0,0,0,0,0,0.001043841,0,0,0,0,0,0.000521921,0,0.000521921,0,0,0,0,0
23,0.17203456,0.000392773,0.019245876,0,0.000392773,0.003142184,0,0.009819324,0.003142184,0,0,0.000785546,0,0.007855459,0.054595444,0.000392773,0.000392773,0.002356638,0.000392773,0.009033779,0.009426552,0.001178319,0.077376276,0,0.010997644,0.007069914,0.023173606,0.000785546,0.000392773,0,0,0,0.000392773,0,0,0,0,0.000392773,0,0.003142184,0,0.004320503,0,0,0,0.003534957,0,0,0,0.000392773,0,0.004320503,0,0,0,0,0.002356638,0,0.004320503,0.000392773,0.001963865,0,0.000392773,0.001178319,0.000392773,0,0,0.004320503,0,0,0,0.000392773,0,0,0.000392773,0,0,0.000785546,0,0,0
24,0.9106368,0.11486975,0.18686686,0.060419682,0.01248191,0.08646888,0.043777134,0.07796671,0.020622287,0.08140376,0.01700434,0.01573806,0.007416787,0.10293054,0.011577424,0.016280752,0.039254703,0.016642546,0.004522431,0.005788712,0.012662808,0.001447178,0.000542692,0.005065123,0,0.09135311,0.30463096,0.033104196,0.12554269,0.022793053,0.11776411,0.033827785,0.027677279,0.029667148,0.011939218,0.009587554,0.057163533,0.014833574,0.023516642,0.07561505,0.008140376,0.049023155,0.007054993,0.008683068,0.007416787,0.01718524,0.008863965,0.005607815,0.005426918,0.005607815,0.000542692,0.001628075,0.004703329,0.006693198,0.003437048,0.004884226,0.12626629,0.030209841,0.03219971,0.026410999,0.052279305,0.002170767,0.037807524,0.04034009,0.011034733,0.020441389,0.009587554,0.08683068,0.003256151,0.005969609,0.000723589,0.007778582,0.00850217,0.049384948,0.03545586,0.009949349,0.002532562,0.008863965,0.000180897,0.001447178,0
25,0.8686996,0.078125,0.19581653,0.048387095,0.002772177,0.043346774,0.009576613,0.068800405,0.06552419,0.057711694,0.012348791,0.010584678,0.004788307,0.09248992,0.019153226,0.014616936,0.023941532,0.019405242,0.001764113,0.007308468,0.013356855,0.000504032,0.002016129,0.00453629,0.12726815,0,0.28805444,0.03301411,0.021421371,0.014868951,0.002016129,0.000504032,0.025453629,0.022429435,0.00453629,0.003780242,0.013860887,0.02091734,0.011592742,0.05292339,0.013356855,0.045362905,0.008820565,0.010080645,0.009828629,0.02016129,0.016129032,0.006300403,0.007560484,0.008568549,0.001764113,0.00453629,0.007308468,0.005040322,0.002520161,0.004284274,0.22001009,0.007056451,0.058971774,0.007560484,0.10080645,0.001764113,0.006804436,0.005544355,0.002268145,0.001512097,0.001512097,0.042590726,0.002268145,0.002016129,0.000252016,0.002016129,0.002772177,0.021421371,0.020665323,0.007056451,0.001512097,0.007056451,0,0.001260081,0
26,0.90951616,0.09516153,0.22116649,0.06534132,0.013886859,0.09866978,0.05043122,0.09106856,0.017395118,0.09750037,0.01958778,0.017687473,0.01096331,0.11562637,0.016225697,0.018272182,0.03815232,0.019295424,0.005116211,0.006577986,0.014325391,0.000877065,0.001315597,0.00862447,0.24616285,0.16708083,0,0.0622716,0.11504166,0.011840374,0.003800614,0.001900307,0.014325391,0.023680748,0.005262388,0.003654436,0.021634264,0.009063003,0.012278907,0.09311504,0.029527847,0.080105245,0.020026311,0.020318666,0.018564537,0.03815232,0.015348633,0.011986552,0.011255665,0.011986552,0.003654436,0.005554744,0.009940067,0.014033036,0.009355358,0.013155972,0.14530039,0.033328462,0.050869755,0.022949861,0.09413829,0.006285631,0.03683672,0.03215904,0.009940067,0.021634264,0.00979389,0.13302149,0.007601228,0.01096331,0.000730887,0.01958778,0.014033036,0.059640404,0.047946207,0.016810408,0.003800614,0.014471568,0.001461775,0.004677679,0
27,0.95328087,0.02152231,0.07821523,0.017322835,0.011023622,0.031496063,0.017322835,0.0335958,0.003674541,0.021259842,0.002099738,0.002624672,0.00183727,0.03858268,0.004724409,0.011811024,0.016272966,0.035170604,0.004461942,0.006036745,0.003412074,0.000262467,0.001312336,0.000524934,0.048031498,0.034383204,0.11181103,0,0.02992126,0.001574803,0.001312336,0.000262467,0.014435696,0.001049869,0.007874016,0.006824147,0.005249344,0.001049869,0.021259842,0.06089239,0.05406824,0.09212598,0.022047244,0.0496063,0.01863517,0.031233596,0.003674541,0.003674541,0.003674541,0.00183727,0.001312336,0.003412074,0.003149606,0.004724409,0.002624672,0.056955382,0.15774278,0.031496063,0.040157482,0.012598425,0.10734908,0.002624672,0.028608924,0.023097113,0.003937008,0.008136483,0.00656168,0.070603676,0.001049869,0.004199475,0,0.004986877,0.005511811,0.053543307,0.027821522,0.02047244,0.006036745,0.022047244,0.000262467,0.001049869,0
28,0.6411324,0.04662781,0.1307244,0.026644463,0.03205662,0.04662781,0.0695254,0.0632806,0.011656952,0.029558701,0.004995837,0.007077436,0.003330558,0.060366362,0.004995837,0.091590345,0.033721898,0.004163197,0.002081599,0.002914238,0.001248959,0.00041632,0.000832639,0.00041632,0.2889259,0.035387177,0.32764363,0.047460448,0,0.001665279,0.001665279,0.00041632,0.007910075,0.001248959,0.001248959,0.001248959,0.006661116,0.000832639,0.003746878,0.055370525,0.004163197,0.034138218,0.002914238,0.003330558,0.004995837,0.017069109,0.002914238,0.002914238,0.000832639,0.002497918,0,0.000832639,0.000832639,0.002081599,0.002497918,0.002497918,0.1265612,0.035803497,0.032889258,0.08492923,0.034970857,0.002081599,0.053288925,0.027893422,0.006661116,0.011240633,0.006661116,0.048709407,0.007077436,0.007077436,0.00041632,0.011656952,0.007910075,0.07951707,0.029558701,0.009575354,0.001665279,0.013322231,0.002497918,0.000832639,0
29,0.8337912,0.014652015,0.12545788,0.001831502,0.001373626,0.001373626,0,0.04029304,0.016483517,0.001373626,0.001831502,0.003205128,0.001831502,0.062271062,0.007326007,0.000457875,0.2385531,0.000457875,0,0.000915751,0,0.001373626,0,0,0.057692308,0.027014652,0.037087914,0.002747253,0.001831502,0,0,0,0.017857144,0.002747253,0.001373626,0.000457875,0.000457875,0.000457875,0.002289377,0.027014652,0.000457875,0.014194139,0.000915751,0.000915751,0,0.002747253,0.001373626,0,0.000457875,0,0,0,0,0.000915751,0,0.000915751,0.06043956,0.004578755,0.008241759,0.002289377,0.020604396,0,0.002747253,0.002289377,0,0.000915751,0.000457875,0.006868132,0.000457875,0.000457875,0.000457875,0.000457875,0.001831502,0.003205128,0.005952381,0,0.000457875,0.000457875,0,0,0
30,0.98767036,0.001297859,0.024010383,0.000648929,0.000648929,0.003569111,0.000973394,0.010058404,0.006489293,0.002920182,0,0.002271253,0.000648929,0.021090202,0.000973394,0.000324465,0.016547697,0.002595717,0,0,0,0,0,0,0.21122648,0.002595717,0.00843608,0.001622323,0.001297859,0,0,0.14828034,0,0.001297859,0,0.000973394,0.000324465,0.001297859,0,0.003893576,0.000324465,0.002595717,0,0.000324465,0,0.000973394,0.000324465,0,0,0.000324465,0,0,0,0,0,0.000648929,0.008760545,0.000648929,0.001622323,0.000324465,0.001946788,0,0.001297859,0.000324465,0.000324465,0,0.000324465,0.00421804,0.000324465,0.000324465,0,0.000324465,0.000324465,0.000324465,0.001297859,0,0,0.000973394,0,0.000324465,0
31,0.980653,0.000604595,0.024183797,0.000604595,0,0.001813785,0.000604595,0.013301089,0.003627569,0.003022975,0.000604595,0.00241838,0,0.018742442,0,0,0.00483676,0.000604595,0,0,0,0,0,0,0.11305925,0.00120919,0.007859734,0.000604595,0.000604595,0,0.2762999,0,0.000604595,0.004232165,0,0.00120919,0.013905684,0.007255139,0,0.00241838,0,0.00120919,0,0,0,0.000604595,0.000604595,0,0,0,0,0,0,0,0,0,0.010278114,0.003022975,0.001813785,0.00120919,0.001813785,0,0.000604595,0.000604595,0,0.00241838,0.000604595,0.003022975,0,0,0,0,0,0.00120919,0.001813785,0,0,0.000604595,0,0,0
32,0.96128577,0.010323792,0.06851243,0.002580948,0.000469263,0.003519475,0.000469263,0.016658846,0.006100422,0.002346316,0.002580948,0.00140779,0,0.10065697,0.002111685,0.00422337,0.019474424,0.003519475,0.000234632,0.000469263,0.00727358,0.003754106,0.000234632,0.000234632,0.03589864,0.023697795,0.0229939,0.01290474,0.004458001,0.009150634,0,0.000234632,0,0.005631159,0.22031909,0.27053025,0.003050211,0.003754106,0.42749882,0.027686533,0.000938527,0.014312529,0.001642421,0.00140779,0.000703895,0.00422337,0.000234632,0.000703895,0.000469263,0.000234632,0,0.000469263,0.000469263,0.00140779,0.000938527,0.002346316,0.15837635,0.005631159,0.008212107,0.003519475,0.01008916,0,0.009619896,0.003754106,0.003284843,0.003754106,0.003050211,0.010558424,0.000938527,0.000703895,0,0.000469263,0.000938527,0.010558424,0.013374003,0.001173158,0.00140779,0.003988738,0.000469263,0.000469263,0
33,0.92835027,0.03272888,0.115435645,0.004422822,0.006634233,0.01415303,0.001326847,0.04422822,0.05484299,0.004422822,0.001326847,0.002653693,0.000442282,0.03272888,0.019018134,0.000884564,0.026979214,0.000442282,0.000442282,0.000884564,0,0,0,0,0.07253428,0.039363112,0.071649715,0.001769129,0.001326847,0.002653693,0.001769129,0.003095975,0.010614772,0,0,0.000442282,0.002211411,0.07297656,0,0.00619195,0.001769129,0.00398054,0,0.000442282,0,0.001326847,0.000442282,0.001326847,0.000442282,0,0.000442282,0,0,0,0,0.000442282,0.04511278,0.000442282,0.003538257,0,0.00619195,0,0.000442282,0,0,0,0.000442282,0.004865104,0,0,0,0,0.000884564,0.001769129,0.003538257,0.000884564,0.001326847,0.004865104,0,0,0
34,0.98842776,0.006783719,0.05347167,0.000798085,0.000798085,0.001596169,0,0.01396648,0.002394254,0.001197127,0.002793296,0.001596169,0,0.17198724,0.000798085,0.000798085,0.003990423,0,0,0,0.000399042,0,0,0,0.026336791,0.007182762,0.014365523,0.011971269,0.001197127,0.001197127,0,0,0.37470073,0,0,0.6644054,0.000399042,0,0.001197127,0.031923383,0.000798085,0.018355945,0,0.000399042,0,0.001596169,0,0.000399042,0.000399042,0,0,0,0.000399042,0,0.000798085,0.000798085,0.14804469,0.001596169,0.001197127,0,0.001596169,0,0.005586592,0,0.000399042,0.000399042,0.000399042,0.009976057,0,0.000399042,0,0,0.000399042,0.004788508,0.003990423,0,0.000798085,0.000399042,0,0,0
35,0.98972994,0.004944846,0.05249144,0,0.000760746,0.002282237,0,0.012171929,0.000760746,0.001901864,0.001141118,0.001521491,0,0.1437809,0.000760746,0.001141118,0.0041841,0.000380373,0,0.000380373,0,0,0,0,0.020159757,0.005705591,0.009509319,0.009889692,0.001141118,0.000380373,0.001141118,0.000760746,0.43856978,0.000380373,0.6333206,0,0.000760746,0,0.000380373,0.024343858,0,0.015595283,0,0,0,0.000380373,0,0.000380373,0,0.000380373,0,0,0.000380373,0.000380373,0,0.001141118,0.13427159,0.001141118,0.001521491,0.000380373,0.001141118,0,0.003803728,0,0,0.000380373,0,0.006466337,0,0,0,0,0,0.002662609,0.003423355,0,0,0,0,0,0
36,0.98302644,0.070771,0.17865363,0.00863061,0.000575374,0.014096662,0.00287687,0.044591483,0.007192175,0.024165709,0.009205984,0.006904488,0.002013809,0.092635214,0.006041427,0.000863061,0.022727273,0.000287687,0,0,0,0.000287687,0,0,0.09090909,0.015822785,0.042577676,0.00575374,0.004602992,0.000287687,0.000287687,0.006616801,0.003739931,0.001438435,0.000287687,0.000575374,0,0.003164557,0,0.021288838,0.000287687,0.007479862,0,0,0.000287687,0.001726122,0,0,0.000575374,0,0,0,0.000575374,0.000575374,0,0.000287687,0.024741082,0.003739931,0.012658228,0.001438435,0.008918297,0,0.001726122,0.00287687,0,0.000287687,0.000287687,0.015247411,0,0.000575374,0,0.000287687,0.000863061,0.00287687,0.003739931,0.000863061,0,0.000863061,0,0,0
37,0.9652897,0.010900746,0.03843947,0.002008032,0.000860585,0.003442341,0.000573723,0.014056225,0.050487664,0.002294894,0.000860585,0.001147447,0,0.008892714,0.016064256,0.000573723,0.030120483,0.000286862,0.000286862,0.000286862,0,0,0.000286862,0.000286862,0.023522662,0.023809524,0.017785428,0.001147447,0.000573723,0.000286862,0.001147447,0.003442341,0.004589788,0.047332186,0,0,0.003155479,0,0,0.006024096,0.000860585,0.004302926,0,0,0.000286862,0.000573723,0.000860585,0,0,0,0,0,0,0.000573723,0.000286862,0.000573723,0.02467011,0.000860585,0.003155479,0.00172117,0.005163511,0,0.000860585,0.000573723,0.000286862,0.000573723,0,0.003155479,0.000286862,0,0,0,0.000286862,0.002581756,0.003442341,0.000573723,0,0.000573723,0,0,0
38,0.99027693,0.004124926,0.043606363,0.00117855,0.000883913,0.002357101,0,0.00736594,0.000589275,0.002062463,0.000589275,0.001473188,0,0.08426635,0.000294638,0.00117855,0.004124926,0.000294638,0,0,0,0,0,0,0.038302887,0.01355333,0.024749558,0.023865646,0.002651739,0.001473188,0,0,0.5368297,0,0.000883913,0.000294638,0,0,0,0.030936947,0.000294638,0.00618739,0,0,0,0.00117855,0.000294638,0,0,0.000294638,0,0.000294638,0.000294638,0,0,0,0.20153211,0.002651739,0.017383618,0,0.001767826,0,0.003241014,0.00117855,0.000294638,0.000883913,0.000294638,0.009133766,0.000294638,0.000589275,0,0.000294638,0.000883913,0.003830289,0.02445492,0.000883913,0.000294638,0.000589275,0,0.000294638,0
39,0.53652513,0.019291848,0.028231973,0.00694036,0.001176332,0.003881896,0.003058464,0.012822021,0.008234326,0.004470062,0.001529232,0.001646865,0.0003529,0.0361134,0.00694036,0.035289966,0.026702741,0.004352429,0.001882132,0.001999765,0.001764498,0.000588166,0.000117633,0.000941066,0.049170684,0.024702976,0.07493236,0.027290907,0.015645219,0.00694036,0.001411599,0.000470533,0.01388072,0.001646865,0.009410658,0.007528526,0.008704858,0.002470298,0.012351488,0,0.13116103,0.3498412,0.10869309,0.16598047,0.1381014,0.25702858,0.0343489,0.030114105,0.054934714,0.033996,0.019291848,0.02446771,0.02517351,0.07787319,0.016703917,0.049288318,0.2800847,0.06916834,0.08998942,0.033878367,0.33701918,0.06246324,0.07704976,0.06387484,0.03211387,0.04940595,0.03281967,0.07293259,0.07057993,0.13269027,0.01352782,0.20868133,0.116809785,0.109281264,0.050229385,0.08057875,0.018938947,0.015292319,0.005175862,0.03246677,0
40,0.6502171,0.005527043,0.018555073,0.002368733,0.000394789,0.000394789,0.002368733,0.004737466,0.005132254,0.000789578,0.001184366,0.000789578,0.000394789,0.011843664,0.004737466,0.012633241,0.00986972,0.001579155,0.000789578,0,0,0.000394789,0,0,0.017765496,0.020923806,0.079747334,0.08132649,0.003947888,0.000394789,0.000394789,0,0.001579155,0.001579155,0.000789578,0,0.000394789,0.001184366,0.000394789,0.4401895,0,0.44216344,0.2633241,0.28701144,0.19068298,0.29767075,0.016975919,0.023292538,0.07579945,0.02289775,0.031583104,0.03671536,0.010264508,0.1125148,0.012238452,0.095933676,0.39636794,0.08764311,0.11093565,0.009080142,0.6514015,0.001973944,0.057244375,0.037504934,0.006711409,0.038294513,0.011054087,0.07145677,0.0351362,0.069482826,0.007106198,0.06869325,0.051322542,0.0880379,0.046585076,0.113304384,0.007500987,0.009080142,0,0.001579155,0
41,0.52758735,0.0105561,0.026009358,0.003808902,0.00076178,0.001958864,0.001197084,0.007073675,0.004788334,0.003155947,0.001632387,0.001632387,0.001414735,0.026988791,0.007835455,0.028838828,0.021765154,0.002502993,0.000979432,0.000979432,0.000652955,0.000435303,0.000326477,0.001197084,0.029491784,0.019588638,0.059636522,0.038197845,0.008923713,0.003373599,0.000870606,0.000217652,0.006638372,0.000979432,0.005005986,0.004461857,0.00282947,0.001632387,0.002285341,0.32364783,0.12188486,0,0.20491892,0.2191751,0.20361301,0.30645338,0.03243008,0.025791708,0.105016865,0.030144738,0.029274132,0.03493307,0.032321252,0.10969637,0.04407444,0.08967243,0.32070956,0.07835455,0.08553705,0.024050495,0.5091958,0.022853412,0.093263686,0.09402546,0.053977583,0.053106975,0.0565894,0.09065187,0.051801067,0.087604746,0.008814887,0.12112308,0.06496899,0.12047013,0.041136142,0.08314289,0.01828273,0.014365002,0.003264773,0.021221025,0
42,0.497609,0.004219409,0.017721519,0.001687764,0,0,0.000281294,0.003094234,0.003656821,0,0,0.000843882,0.000562588,0.019409282,0.003656821,0.006751055,0.007313643,0,0,0,0.000281294,0.000281294,0,0,0.010970464,0.009845289,0.03853727,0.023628691,0.001969058,0.000562588,0,0,0.001969058,0,0,0,0,0,0,0.25991562,0.18762307,0.5296765,0,0.5029536,0.32208157,0.37805906,0.021940928,0.027566807,0.17721519,0.03150492,0.09142053,0.09704641,0.030942334,0.21237694,0.023347398,0.19943741,0.2877637,0.02925457,0.052320674,0.003094234,0.7561181,0,0.019409282,0.013783404,0.003656821,0.006751055,0.005907173,0.050632913,0.016033756,0.027566807,0.001687764,0.02137834,0.013783404,0.039381154,0.02137834,0.038818564,0.007032349,0.003375527,0,0.00140647,0
43,0.5455386,0.005085529,0.012944984,0.001155802,0.000693481,0.00023116,0.00023116,0.002080444,0.00531669,0,0,0.001155802,0,0.01086454,0.003005086,0.008552936,0.008321775,0.001155802,0.000693481,0.00023116,0.000693481,0.00023116,0,0,0.011095701,0.009246417,0.0321313,0.04368932,0.001849283,0.000462321,0.00023116,0,0.001386963,0.00023116,0.00023116,0,0,0,0,0.32616737,0.16805363,0.4655571,0.41331485,0,0.27901062,0.37771612,0.036292188,0.047387887,0.13245492,0.037216827,0.053166896,0.072584376,0.017568192,0.18793343,0.019879797,0.20827554,0.26837724,0.026352288,0.06680536,0.003005086,0.63245493,0.000462321,0.02172908,0.012251503,0.004160888,0.006934813,0.00531669,0.04415164,0.063800275,0.13060564,0.013638465,0.10841424,0.06680536,0.04761905,0.033055943,0.048543688,0.022884883,0.004392048,0,0.002080444,0
44,0.47747236,0.00396713,0.015585152,0.000850099,0,0.000283366,0.000283366,0.005667328,0.00311703,0.000850099,0,0.000283366,0,0.016151885,0.004533862,0.010201191,0.009351091,0.001700198,0.000850099,0,0.000283366,0,0,0,0.011618022,0.01105129,0.035987534,0.020119013,0.003400397,0,0,0,0.000850099,0,0,0,0.000283366,0.000283366,0,0.33267215,0.13686597,0.53017855,0.32445452,0.34202322,0,0.59535277,0.04788892,0.043638423,0.13516577,0.039954662,0.07339189,0.09719467,0.024086144,0.075942196,0.031737037,0.14933409,0.26948145,0.029470105,0.065741,0.005950694,0.5925191,0,0.02210258,0.028053273,0.006800794,0.008500991,0.011334656,0.04335506,0.06800793,0.17398697,0.014735052,0.12156418,0.07509209,0.052989516,0.03683763,0.052422784,0.017852083,0.005383961,0.000283366,0.002833664,0
45,0.40725636,0.006750105,0.012797075,0.002390662,0.000562509,0.000562509,0.000421882,0.005343834,0.004640698,0.000562509,0.000703136,0.000843763,0,0.015890874,0.00801575,0.03459429,0.023625368,0.002390662,0.001265645,0.001828154,0.001265645,0.000703136,0.00098439,0.001265645,0.013359584,0.011250176,0.0367037,0.016734637,0.005765715,0.000843763,0.000421882,0.000140627,0.00253129,0.000421882,0.000562509,0.000140627,0.000843763,0.000281254,0.000562509,0.30727044,0.10603291,0.3960062,0.18900295,0.22978485,0.29545775,0,0.07270426,0.07509492,0.102657855,0.08718886,0.10195472,0.10125158,0.025453523,0.07200112,0.024750387,0.08648573,0.25087893,0.06496976,0.0894389,0.01153143,0.47756997,0.011109549,0.047813248,0.029391084,0.008297005,0.025453523,0.011109549,0.042328786,0.07425116,0.15440866,0.013218957,0.13950218,0.0992828,0.08367318,0.039938126,0.090423286,0.016312756,0.00956265,0.001546899,0.005765715,0
46,0.4137316,0.028087383,0.03299153,0.020062417,0,0.005349978,0.001783326,0.022737404,0.010254124,0.002674989,0.000445831,0.001337495,0.000445831,0.012483281,0.007579135,0.017387427,0.009808293,0.002229157,0.000445831,0.003566652,0.004012483,0.000445831,0,0,0.021845743,0.028533215,0.046812303,0.006241641,0.00312082,0.001337495,0.000445831,0.000445831,0.000445831,0.000445831,0,0,0,0.001337495,0.000445831,0.13018279,0.019170754,0.13285778,0.034774855,0.069995545,0.075345516,0.23049487,0,0.22469907,0.030316541,0.21266161,0.020062417,0.031654034,0.00312082,0.006687472,0.00891663,0.034329023,0.100312084,0.018724922,0.034329023,0.009808293,0.20196165,0.000445831,0.013820776,0.015158271,0.007579135,0.004012483,0.00891663,0.01203745,0.02987071,0.047703966,0.006687472,0.043245655,0.04190816,0.037004013,0.013820776,0.024966562,0.004904146,0.005349978,0,0,0
47,0.3184111,0.010718789,0.020176545,0.00630517,0,0.005044136,0.002522068,0.01702396,0.011349306,0.002522068,0.000630517,0,0,0.011349306,0.030264817,0.018284993,0.014501891,0.001891551,0.000630517,0.003152585,0.003783102,0.001261034,0,0,0.019546028,0.015762925,0.051702395,0.008827238,0.004413619,0,0,0,0.001891551,0.001891551,0.000630517,0.000630517,0,0,0,0.16141236,0.037200503,0.14943254,0.061790667,0.129256,0.097099625,0.3366961,0.31778058,0,0.043505676,0.40416142,0.06431273,0.0851198,0.002522068,0.008196721,0.008827238,0.035308953,0.13240857,0.03783102,0.057377048,0.010088272,0.27301386,0.000630517,0.030895334,0.025851198,0.009457755,0.008196721,0.010088272,0.015132409,0.045397226,0.07566204,0.009457755,0.06683481,0.07377049,0.05296343,0.032786883,0.050441362,0.007566204,0.008196721,0,0.000630517,0
48,0.41564482,0.007610994,0.02283298,0.000845666,0,0.003382664,0.000845666,0.003382664,0.004651163,0.002114165,0.001268499,0.001691332,0,0.021564482,0.000422833,0.005919662,0.00422833,0.000845666,0.000422833,0,0,0,0,0,0.01268499,0.01268499,0.03255814,0.005919662,0.000845666,0.000422833,0,0,0.000845666,0.000422833,0.000422833,0,0.000845666,0,0,0.197463,0.08118393,0.40803382,0.26638478,0.2422833,0.20169133,0.30866808,0.028752644,0.029175475,0,0.03298097,0.053699788,0.06849894,0.12642705,0.033826638,0.02832981,0.061310783,0.15856236,0.014799154,0.029175475,0.005496829,0.56701905,0,0.013530656,0.01564482,0.005073996,0.005919662,0.010993658,0.02536998,0.00845666,0.016490486,0.001691332,0.013107822,0.011839324,0.026638478,0.015221987,0.018181818,0.002959831,0.005073996,0,0,0
49,0.28428486,0.011771631,0.02295468,0.008828723,0,0.005885815,0.001177163,0.017068865,0.005297234,0.001765745,0.000588582,0.000588582,0,0.009417304,0.007062978,0.012948793,0.017657446,0.001765745,0,0.002942908,0.002354326,0.000588582,0,0.000588582,0.018246027,0.020011771,0.048263684,0.004120071,0.003531489,0,0.000588582,0,0.000588582,0,0,0.000588582,0,0,0.000588582,0.17010006,0.03413773,0.16303708,0.06592113,0.094761625,0.08298999,0.36492053,0.28075337,0.37728074,0.04590936,0,0.06768688,0.08828723,0.006474397,0.014125956,0.014125956,0.0541495,0.12595645,0.031194821,0.06650971,0.010594468,0.28722778,0.000588582,0.025309006,0.01942319,0.003531489,0.007062978,0.005297234,0.014125956,0.040612124,0.071218364,0.007062978,0.064743966,0.064155385,0.04237787,0.025897587,0.048852265,0.004708652,0.004708652,0,0.000588582,0
50,0.14079422,0.002578649,0.007220217,0.00051573,0,0,0,0.004125838,0,0.00051573,0,0,0,0.002578649,0.001547189,0.002578649,0.002062919,0.00103146,0,0,0.00051573,0,0.00051573,0,0.001547189,0.003610108,0.012893244,0.002578649,0,0,0,0,0,0.00051573,0,0,0,0,0,0.084579684,0.04125838,0.1387313,0.16761217,0.11861785,0.13357401,0.37390408,0.02320784,0.052604437,0.06549768,0.059308924,0,0.32129964,0.011861784,0.06343476,0.002062919,0.019082,0.06343476,0.005673027,0.011861784,0.00051573,0.38060856,0,0.004641568,0.003094379,0.00051573,0.002062919,0.003094379,0.005157298,0.007220217,0.029396595,0.001547189,0.014956163,0.008767406,0.014440433,0.004641568,0.006704487,0.003094379,0.00103146,0,0,0
51,0.21746881,0.005941771,0.014260249,0.002970885,0,0.001188354,0.000594177,0.009506833,0.001782531,0.000594177,0,0.000594177,0,0.003565062,0.002376708,0.010695187,0.014854427,0.002970885,0.001188354,0,0.003565062,0.008318479,0,0.006535948,0.005347594,0.010695187,0.02257873,0.007724302,0.001188354,0,0,0,0.001188354,0,0,0,0,0,0.000594177,0.12358883,0.055258468,0.19073084,0.20499109,0.1865716,0.20380273,0.42780748,0.042186573,0.080213904,0.09625668,0.08912656,0.37017232,0,0.029114677,0.03267974,0.004753416,0.03802733,0.07367796,0.012477718,0.01841949,0.00415924,0.3939394,0,0.007130125,0.006535948,0.001782531,0.00415924,0.007130125,0.009506833,0.008318479,0.03683898,0.002970885,0.017825311,0.016636958,0.02020202,0.008912656,0.012477718,0.007130125,0.003565062,0,0,0
52,0.5662848,0.009001637,0.04255319,0.000818331,0,0.006546645,0.001636661,0.009819968,0.007364975,0.007364975,0.001636661,0,0.001636661,0.02618658,0.004091653,0,0.009001637,0,0,0,0,0,0,0,0.021276595,0.023731587,0.055646483,0.009819968,0.001636661,0,0,0,0.001636661,0,0.000818331,0.000818331,0.001636661,0,0.000818331,0.17512275,0.021276595,0.24304418,0.090016365,0.062193125,0.0695581,0.14811784,0.005728314,0.003273323,0.24468085,0.009001637,0.018821605,0.0400982,0,0.017184943,0.012274959,0.024549918,0.14320786,0.011456628,0.017184943,0.001636661,0.37315875,0,0.010638298,0.004909984,0.000818331,0.000818331,0.001636661,0.013911621,0.004909984,0.014729951,0,0.006546645,0.010638298,0.014729951,0.012274959,0.004091653,0.003273323,0.000818331,0,0,0
53,0.5050537,0.004421983,0.021794062,0.001895136,0.000315856,0.000947568,0,0.004106128,0.000947568,0.001263424,0.000631712,0.000631712,0.000947568,0.01642451,0.002210992,0.004106128,0.008843967,0.000315856,0,0,0,0,0,0,0.011686671,0.00631712,0.030322174,0.005685408,0.00157928,0.000631712,0,0,0.001895136,0,0,0.000315856,0.000631712,0.000631712,0,0.20909666,0.09001895,0.31838283,0.23847125,0.2567909,0.0846494,0.16171825,0.00473784,0.004106128,0.025268478,0.007580543,0.038850285,0.01737208,0.006632975,0,0.003790272,0.013265951,0.20214783,0.01958307,0.025900189,0.004106128,0.53916615,0,0.016740367,0.007896399,0.004106128,0.005369552,0.006632975,0.03126974,0.013265951,0.06822489,0.00157928,0.014213518,0.017056223,0.023689197,0.013897663,0.008843967,0.007580543,0.002842704,0,0.000315856,0
54,0.54826003,0.008535785,0.040709127,0.001313198,0,0.005252791,0.001969796,0.009848982,0.001313198,0.006565988,0.000656599,0.000656599,0.000656599,0.013131976,0.001969796,0.009192384,0.014445174,0.002626395,0.000656599,0.000656599,0,0,0,0,0.012475378,0.006565988,0.042022325,0.006565988,0.003939593,0,0,0,0.002626395,0,0.001313198,0,0,0.000656599,0,0.093237035,0.020354563,0.26592252,0.0544977,0.0564675,0.07353907,0.11556139,0.013131976,0.009192384,0.04399212,0.015758371,0.002626395,0.005252791,0.009848982,0.007879186,0,0.11753119,0.14510834,0.022324359,0.021667762,0.007222587,0.34471437,0.000656599,0.017728169,0.011818779,0.006565988,0.005909389,0.014445174,0.019697964,0.006565988,0.021011163,0.000656599,0.01116218,0.01641497,0.034799736,0.009848982,0.013788575,0.001969796,0.006565988,0.000656599,0,0
55,0.5398291,0.003076923,0.013333334,0.001025641,0.002393162,0.000683761,0.006495726,0.006153846,0.002051282,0.00034188,0.00034188,0.001367521,0.00034188,0.010256411,0.005811966,0.005811966,0.022564102,0.006837607,0.002393162,0.00034188,0.00034188,0.001367521,0.000683761,0,0.009230769,0.005811966,0.03076923,0.07418803,0.002051282,0.000683761,0.000683761,0,0.003418803,0.00034188,0.000683761,0.001025641,0.00034188,0.000683761,0,0.14324786,0.083076924,0.2817094,0.24239317,0.30803418,0.18017094,0.21025641,0.026324786,0.019145299,0.04957265,0.03145299,0.012649572,0.021880342,0.010256411,0.014358974,0.06119658,0,0.23692308,0.03076923,0.044786327,0.003076923,0.5846154,0.00034188,0.027692307,0.007863248,0.005470085,0.005128205,0.007521368,0.033846155,0.015384615,0.036923077,0.003760684,0.014700855,0.022564102,0.0417094,0.01948718,0.036581196,0.007521368,0.016410256,0,0,0
56,0.62901205,0.019727571,0.04289964,0.012838579,0.003522781,0.006732425,0.005088461,0.017457334,0.014404259,0.004383905,0.002739941,0.002035384,0.00117426,0.0538594,0.012447158,0.04540473,0.041647095,0.008219821,0.002113669,0.00234852,0.003835917,0.00117426,0.000469704,0.000469704,0.05464224,0.06834195,0.07781431,0.04704869,0.023798341,0.01033349,0.002113669,0.001330828,0.052841708,0.00798497,0.029043369,0.027634257,0.006732425,0.006732425,0.053546265,0.18639424,0.07859715,0.230703,0.08008455,0.09088774,0.0744481,0.13965867,0.017613903,0.016439643,0.029356506,0.01675278,0.009628934,0.009707218,0.013699703,0.05010177,0.017300768,0.05425082,0,0.1679975,0.13457023,0.06442774,0.40112728,0.006341005,0.15578519,0.10709253,0.0553468,0.08673869,0.054329105,0.07460467,0.034053545,0.04822295,0.004775325,0.049632065,0.05464224,0.16510099,0.060043838,0.10090809,0.010646626,0.02575544,0.001722248,0.003914201,0
57,0.50553924,0.008591454,0.010626271,0.000904364,0,0.000226091,0.000904364,0.003165273,0.002487,0,0.000678273,0.000678273,0.000226091,0.013339362,0.007913182,0.10852363,0.105358355,0.002487,0.000678273,0.000226091,0.000904364,0.000904364,0.000226091,0,0.037757177,0.006330545,0.051548723,0.027130907,0.019443816,0.002260909,0.000452182,0.001130455,0.005426182,0.000226091,0.000904364,0.000678273,0.002939182,0.000678273,0.002034818,0.13294144,0.050192177,0.16278544,0.023513453,0.025774362,0.023513453,0.10445399,0.009495817,0.013565454,0.007913182,0.011982817,0.002487,0.004747909,0.003165273,0.014017635,0.00768709,0.02034818,0.48519105,0,0.2109428,0.073253445,0.2333258,0.002713091,0.28736153,0.1315849,0.02803527,0.3271535,0.030070089,0.06420981,0.02283518,0.024869997,0.002487,0.028261362,0.04092245,0.30816188,0.07800136,0.17657699,0.006104454,0.04793127,0.002260909,0.006556636,0
58,0.4407008,0.03279425,0.08086254,0.026055705,0.0024708,0.018867925,0.008760108,0.029874213,0.009433962,0.023809524,0.013701707,0.008760108,0.005390836,0.074123986,0.016621742,0.053234503,0.041778974,0.016621742,0.001796945,0.0024708,0.003144654,0.001123091,0.001796945,0.0024708,0.039982032,0.052560646,0.07816712,0.034366578,0.017744834,0.004043127,0.001123091,0.000673854,0.007861636,0.001796945,0.000673854,0.000898473,0.009883199,0.0024708,0.013252471,0.17183289,0.0631177,0.17654987,0.041778974,0.064914644,0.05211141,0.14285715,0.017295597,0.020440252,0.015498652,0.02538185,0.005166217,0.006963163,0.004716981,0.018418688,0.007412399,0.029424978,0.3861186,0.20956874,0,0.037960466,0.26752022,0.031446543,0.14285715,0.061769992,0.02785265,0.08221024,0.030098831,0.041554358,0.042677447,0.06985624,0.008535489,0.10736748,0.0631177,0.16509435,0.079514824,0.30862534,0.008760108,0.022461815,0.000449236,0.009658581,0
59,0.34709397,0.00543183,0.005975014,0.000271592,0.000271592,0,0.000543183,0.001901141,0.001357958,0.000271592,0.000271592,0.001086366,0,0.007332971,0.005703422,0.14720261,0.09641499,0.001629549,0.000543183,0.001086366,0.000543183,0,0,0.000271592,0.039652362,0.008147745,0.04263987,0.013036394,0.05540467,0.001357958,0.000271592,0.000543183,0.004073873,0,0,0.000271592,0.001357958,0.001629549,0,0.07821836,0.006246605,0.06002173,0.002987507,0.00353069,0.005703422,0.022270504,0.005975014,0.004345465,0.00353069,0.004888648,0.000271592,0.001901141,0.000543183,0.00353069,0.002987507,0.002444324,0.22351983,0.087995656,0.045898966,0,0.0448126,0.007332971,0.11379685,0.10972298,0.023628462,0.06681152,0.025529604,0.045355786,0.008147745,0.006518197,0.001086366,0.021184139,0.012764802,0.20532319,0.057305813,0.041281912,0.003259098,0.0928843,0.002444324,0.010320478,0
60,0.4958182,0.011742841,0.026189068,0.004561967,0.00101377,0.002703388,0.001520656,0.007772239,0.005744699,0.002196502,0.00092929,0.00092929,0.001098251,0.03598885,0.007772239,0.018754752,0.018839233,0.002787869,0.00092929,0.001182732,0.00101377,0.000506885,0.000253443,0.000422404,0.02441497,0.033792347,0.054405678,0.034552675,0.007096393,0.003801639,0.000506885,0.000253443,0.003632677,0.001182732,0.000337923,0.000253443,0.002618907,0.001520656,0.000506885,0.24203768,0.13939343,0.39528596,0.22708456,0.23113964,0.1766495,0.286897,0.038269833,0.036580216,0.11328884,0.041226663,0.06234688,0.056010813,0.038523275,0.14420883,0.044352453,0.14446227,0.43287995,0.08718425,0.10061671,0.013939342,0,0.00092929,0.06378305,0.04790065,0.013010053,0.036580216,0.013854862,0.063022725,0.032356173,0.051195405,0.005322294,0.04308524,0.048323054,0.090310045,0.03607333,0.093266875,0.011151474,0.011658359,0.000591366,0.001774098,0
61,0.12138384,0.001789442,0.007157769,0.00029824,0,0,0.000596481,0.002982404,0.001192962,0.000894721,0.00029824,0.00029824,0.000894721,0.002684163,0.001491202,0.04563078,0.007157769,0.000596481,0,0.00029824,0.000596481,0,0,0,0.003578885,0.002087683,0.012824336,0.002982404,0.001491202,0,0,0,0,0,0,0,0,0,0,0.15836564,0.001491202,0.06263048,0,0.000596481,0,0.02356099,0.00029824,0.00029824,0,0.00029824,0,0,0,0,0.00029824,0.00029824,0.02415747,0.003578885,0.041753653,0.008052491,0.003280644,0,0.009245452,0.001789442,0.000596481,0.002982404,0.000894721,0.00745601,0.001491202,0.002087683,0,0.50014913,0.001491202,0.025350433,0.005964808,0.033701163,0.001491202,0.003877125,0.013122577,0.059051596,0
62,0.42490682,0.009647007,0.016005263,0.003069502,0.001534751,0.002411752,0.002192502,0.003727253,0.002411752,0.003946503,0.001534751,0.00065775,0.00021925,0.008770007,0.007673756,0.088138565,0.037711028,0.003508003,0.00065775,0.001754001,0.001096251,0.0004385,0,0.00021925,0.045823283,0.005919755,0.055251043,0.023898268,0.028064022,0.001315501,0.000877001,0.00021925,0.008989257,0.00021925,0.003069502,0.002192502,0.001315501,0.00065775,0.002411752,0.14360885,0.031791274,0.18789738,0.015128261,0.020609515,0.017101513,0.074545056,0.006796755,0.010743259,0.007016006,0.009427757,0.001973252,0.002631002,0.002850252,0.011620259,0.005919755,0.017759264,0.43630782,0.27866697,0.1394431,0.091865815,0.16553387,0.006796755,0,0.22275817,0.23372068,0.24687569,0.2745012,0.10655558,0.019294014,0.022802018,0.001754001,0.031133523,0.031352773,0.32251698,0.0738873,0.10019732,0.017320763,0.02631002,0.001534751,0.002850252,0
63,0.49772984,0.007945516,0.015891032,0.001986379,0.001418842,0.001702611,0.001986379,0.00368899,0.001135074,0.001702611,0,0.000283768,0.000567537,0.019012487,0.00368899,0.111521,0.035187285,0.000567537,0.000851305,0.001418842,0,0,0,0.000851305,0.06328037,0.006242906,0.06242906,0.024971623,0.019012487,0.001418842,0.000283768,0.000283768,0.004540295,0,0,0,0.002837685,0.000567537,0.001135074,0.15408626,0.026958002,0.24517594,0.013904654,0.015039728,0.028093075,0.059307605,0.009648128,0.011634506,0.010499433,0.009364359,0.001702611,0.003121453,0.001702611,0.007094211,0.005107832,0.006526674,0.38819525,0.16515324,0.07803632,0.11464245,0.1608967,0.001702611,0.28830874,0,0.30278093,0.1061294,0.27440408,0.20459706,0.015323496,0.01844495,0.001702611,0.019012487,0.020998865,0.29540294,0.042849034,0.04597049,0.022133939,0.01645857,0.000567537,0.001702611,0
64,0.25266525,0.007462686,0.012260128,0.001599147,0,0.001066098,0.000533049,0.001066098,0.000533049,0.000533049,0,0,0,0.003198294,0.003198294,0.09115139,0.018123668,0.001066098,0.000533049,0,0,0.000533049,0,0.000533049,0.03251599,0.004797441,0.036247335,0.007995736,0.008528785,0,0.000533049,0,0.007462686,0,0.000533049,0,0,0.000533049,0.000533049,0.14552239,0.009061834,0.26439232,0.006929637,0.009594883,0.012793177,0.03144989,0.009061834,0.007995736,0.006396588,0.003198294,0.000533049,0.001599147,0.000533049,0.006929637,0.00533049,0.008528785,0.37686568,0.06609808,0.06609808,0.046375267,0.08208955,0.001066098,0.5682303,0.5687633,0,0.116204694,0.684968,0.23240939,0.00533049,0.00533049,0,0.004797441,0.010660981,0.3683369,0.04317697,0.026119404,0.036247335,0.02238806,0,0.001599147,0
65,0.6690507,0.00390117,0.00390117,0.000650195,0.000650195,0,0,0.000975293,0.00130039,0.000650195,0,0.000325098,0,0.00260078,0.003250975,0.0659948,0.04096229,0.000650195,0,0,0.000325098,0.000325098,0,0,0.03673602,0.001950585,0.048114434,0.010078023,0.008777633,0.000650195,0,0.00130039,0.00520156,0,0.000325098,0.000325098,0.000325098,0.000650195,0.000975293,0.13654096,0.03153446,0.1586476,0.007802341,0.009752926,0.009752926,0.05884265,0.002925878,0.004226268,0.004551366,0.00390117,0.00130039,0.002275683,0.000325098,0.005526658,0.002925878,0.004876463,0.36020806,0.47041613,0.1189857,0.079973996,0.14076723,0.003250975,0.3660598,0.12158648,0.070871264,0,0.0786736,0.08680104,0.013654096,0.012028609,0.000325098,0.013003902,0.021131339,0.2747074,0.060143042,0.07249675,0.007477243,0.018205462,0.000325098,0.00130039,0
66,0.2822695,0.007092198,0.012765957,0.00141844,0.000945626,0.000472813,0.00141844,0.001891253,0.000945626,0.000945626,0,0.000472813,0.000472813,0.003309693,0.004728132,0.10874704,0.026477542,0.000945626,0.000472813,0.000472813,0,0.000472813,0,0,0.025059102,0.002836879,0.031678487,0.011820331,0.007565012,0.000472813,0.000472813,0.000472813,0.006146572,0.000472813,0.000472813,0,0.000472813,0,0.000472813,0.1319149,0.013238771,0.24586289,0.009929078,0.010874704,0.01891253,0.037352245,0.009456265,0.007565012,0.012293144,0.004255319,0.002836879,0.005673759,0.000945626,0.009929078,0.010401892,0.010401892,0.3281324,0.06288416,0.06335697,0.044444446,0.07754137,0.00141844,0.59196216,0.4572104,0.607565,0.1144208,0,0.20236407,0.008510638,0.005200946,0.000472813,0.007565012,0.010401892,0.3177305,0.044444446,0.026950354,0.034515366,0.024586288,0.000945626,0.002364066,0
67,0.7974183,0.038101185,0.09785551,0.016656257,0.002498439,0.018738288,0.012908598,0.03497814,0.007703519,0.022902353,0.005621486,0.004580471,0.002706642,0.05704768,0.004996877,0.01686446,0.018738288,0.007703519,0.002914845,0.002706642,0.002914845,0.000832813,0.000416406,0.002290235,0.099937536,0.035186343,0.18946491,0.056006663,0.024359776,0.003123048,0.002706642,0.001041016,0.009369144,0.002290235,0.00520508,0.003539454,0.01103477,0.002290235,0.006454299,0.12908599,0.03768478,0.17343327,0.037476577,0.03976681,0.03185509,0.062669165,0.005621486,0.004996877,0.012492192,0.004996877,0.002082032,0.003331251,0.003539454,0.020612117,0.006246096,0.020612117,0.19841765,0.05912971,0.038517594,0.034769934,0.15531959,0.00520508,0.10118676,0.1501145,0.0907766,0.055590257,0.08911097,0,0.008536331,0.010826567,0.001041016,0.019571101,0.015823444,0.1230481,0.033312514,0.019779304,0.010618364,0.01103477,0.001041016,0.004788674,0
68,0.3122172,0.003878475,0.007756949,0.001292825,0,0,0,0.001939237,0.000646412,0.000646412,0.000646412,0,0.000646412,0.004524887,0.005171299,0.02391726,0.017453136,0.000646412,0,0,0.001292825,0.000646412,0,0,0.011635424,0.005817712,0.033613447,0.00258565,0.010989011,0.000646412,0.000646412,0,0.00258565,0,0,0,0,0.000646412,0.000646412,0.38784745,0.057530705,0.30769232,0.03684551,0.17840983,0.15513898,0.34130576,0.043309633,0.046541695,0.012928248,0.044602457,0.009049774,0.009049774,0.003878475,0.027149322,0.006464124,0.029088559,0.2811894,0.06528766,0.12281836,0.019392373,0.24757595,0.003232062,0.056884293,0.03490627,0.006464124,0.027149322,0.011635424,0.02650291,0,0.58371043,0.06270201,0.4318035,0.44085327,0.105365224,0.084033616,0.100193925,0.018099548,0.005817712,0.001292825,0.003878475,0
69,0.35731664,0.003128259,0.005561349,0,0.000347584,0,0.000695169,0.002085506,0.001042753,0.001042753,0,0.000347584,0,0.002780674,0.006951686,0.012513034,0.018769551,0.001737922,0,0.000347584,0.000347584,0,0,0,0.011470282,0.002780674,0.026068822,0.005561349,0.005908933,0.000347584,0.000347584,0,0.001042753,0,0.000347584,0,0.000695169,0,0.000695169,0.3920751,0.061174836,0.27980536,0.03406326,0.19638513,0.21341676,0.38164756,0.037191518,0.041710116,0.013555788,0.0420577,0.019812305,0.021550225,0.006256517,0.075078204,0.011122697,0.037539102,0.21411192,0.03823427,0.108098716,0.008342023,0.21063608,0.00243309,0.036148768,0.022592979,0.003475843,0.012860619,0.003823427,0.018074384,0.3138686,0,0.04310045,0.40597844,0.35557872,0.07160237,0.081334725,0.087243654,0.017379215,0.002085506,0.000695169,0.000695169,0
70,0.22119816,0.004608295,0.004608295,0,0,0.004608295,0,0,0,0,0,0,0,0,0.004608295,0.013824885,0.00921659,0.004608295,0,0,0,0,0,0,0.01843318,0.004608295,0.023041476,0,0.004608295,0.004608295,0,0,0,0,0,0,0,0,0,0.5299539,0.08294931,0.37327188,0.02764977,0.2718894,0.23963134,0.43317974,0.06912442,0.06912442,0.01843318,0.05529954,0.013824885,0.023041476,0,0.023041476,0.004608295,0.050691243,0.281106,0.050691243,0.17511521,0.01843318,0.29032257,0,0.03686636,0.02764977,0,0.004608295,0.004608295,0.023041476,0.44700462,0.5714286,0,0.53456223,0.359447,0.10599078,0.08294931,0.115207374,0.050691243,0.00921659,0,0,0
71,0.2167593,0.001710133,0.002351432,0,0.000213767,0,0.000213767,0.000427533,0.001068833,0.000213767,0.000213767,0,0,0.004916631,0.004061565,0.039760582,0.011757162,0.001496366,0.000213767,0.000213767,0.000427533,0,0,0.000213767,0.009191962,0.001710133,0.02864472,0.004061565,0.005985464,0.000213767,0.000213767,0,0.000427533,0,0,0,0.000213767,0,0.000213767,0.3792219,0.037195385,0.23792219,0.01624626,0.10025652,0.09170586,0.21205643,0.020735357,0.022659255,0.006626763,0.023514323,0.00619923,0.006412997,0.001710133,0.009619496,0.003634032,0.009191962,0.135528,0.02672082,0.10218042,0.016673792,0.10902095,0.35848653,0.030354852,0.01432236,0.001923899,0.008550663,0.003420265,0.020094058,0.14279607,0.24967936,0.024796922,0,0.17250963,0.047028646,0.040615648,0.091492094,0.014749893,0.003206499,0.020949123,0.09127832,0
72,0.36991525,0.007627119,0.014830508,0.002118644,0.000847458,0,0.000423729,0.004661017,0.001271186,0.000423729,0,0.001271186,0,0.005084746,0.005932204,0.03855932,0.023728814,0.001271186,0.000423729,0.001271186,0.001271186,0.000847458,0,0,0.019915255,0.004661017,0.040677965,0.008898305,0.008050848,0.001694915,0.000423729,0,0.001694915,0.000847458,0.000423729,0,0.001271186,0.000423729,0.001271186,0.42076272,0.055084746,0.2529661,0.020762712,0.12245762,0.11228813,0.29915255,0.03983051,0.04957627,0.011864407,0.04618644,0.00720339,0.011864407,0.005508475,0.022881355,0.010593221,0.027966103,0.29576272,0.07669491,0.119067796,0.019915255,0.24237289,0.002118644,0.06059322,0.031355932,0.008474576,0.027542373,0.009322034,0.03220339,0.28898305,0.43347457,0.033050846,0.34194916,0,0.09872881,0.073305085,0.086864404,0.013135593,0.005084746,0.000423729,0.002542373,0
73,0.42741936,0.013315829,0.017066767,0.004876219,0.001500375,0.00243811,0.003375844,0.003750938,0.002063016,0.00243811,0.000937734,0.000937734,0.000562641,0.03132033,0.011065266,0.096586645,0.052888222,0.004688672,0.000562641,0.000562641,0.001687922,0.001687922,0.000187547,0,0.0512003,0.015941486,0.07651913,0.038259566,0.035821456,0.001312828,0.000187547,0.000375094,0.00843961,0.000750188,0.002250563,0.001312828,0.001875469,0.001687922,0.00243811,0.17423105,0.041822955,0.2076144,0.026256565,0.038634658,0.03507127,0.1115904,0.015566392,0.015753938,0.011815454,0.013503375,0.005251313,0.006376594,0.003375844,0.014066016,0.009939985,0.02288072,0.3955364,0.2556264,0.13784696,0.14178544,0.20048763,0.015941486,0.27588147,0.19523631,0.12959489,0.15847711,0.1260315,0.11084021,0.030570142,0.038634658,0.004313578,0.041260313,0.043698426,0,0.0872093,0.12734434,0.026631657,0.050825205,0.002063016,0.009752438,0
74,0.40888602,0.02081992,0.10710453,0.010946555,0.002361022,0.035415325,0.018673535,0.030264005,0.01416613,0.04528869,0.005795235,0.005365958,0.001931745,0.03884954,0.02339558,0.013522215,0.015024683,0.006868427,0.000429277,0.001073192,0.001931745,0.000643915,0,0.000214638,0.042069115,0.017600343,0.07040137,0.022751663,0.015239322,0.002790298,0.000858553,0.000643915,0.012234385,0.001717107,0.002146383,0.001931745,0.002790298,0.00257566,0.017814983,0.09165057,0.025327323,0.08113329,0.016312514,0.030693281,0.027902983,0.060957287,0.006653789,0.011161193,0.00772698,0.009444087,0.001931745,0.003219575,0.003219575,0.009444087,0.003219575,0.012234385,0.1646276,0.074050225,0.07598197,0.04528869,0.09165057,0.004292767,0.07233312,0.032410387,0.017385704,0.039708093,0.020176003,0.034342133,0.027902983,0.05022537,0.00386349,0.040781282,0.03713243,0.09980682,0,0.057308435,0.007512342,0.009873363,0.001717107,0.00386349,0
75,0.2335096,0.004731422,0.011132758,0.000834957,0.000278319,0.000834957,0.000556638,0.001948233,0.003061509,0.001113276,0.000834957,0.000556638,0.000556638,0.014194267,0.008349569,0.028666852,0.021987198,0.004731422,0.000834957,0.000278319,0.000834957,0.000834957,0.000278319,0,0.015307543,0.007792931,0.03200668,0.021708878,0.006401336,0,0,0,0.001391595,0.000556638,0,0,0.000834957,0.000556638,0.000834957,0.19064848,0.07987754,0.21263568,0.038408015,0.05844698,0.051489007,0.17895909,0.015585861,0.022265516,0.011967715,0.023100473,0.003618146,0.005844698,0.001391595,0.007792931,0.005844698,0.029780127,0.35875314,0.2173671,0.38241023,0.042304482,0.30726412,0.03145004,0.12719177,0.04508767,0.013637628,0.06206513,0.01586418,0.0264403,0.04313944,0.06985806,0.006957974,0.11912051,0.057055384,0.18897857,0.07431116,0,0.009741164,0.017255776,0.00278319,0.008071249,0
76,0.41182682,0.005279831,0.009503696,0.001055966,0,0,0,0.005279831,0,0.001055966,0,0.002111933,0,0.006335797,0.010559662,0.032734953,0.010559662,0.001055966,0.009503696,0,0,0,0,0,0.014783527,0.006335797,0.027455121,0.024287222,0.004223865,0.001055966,0,0,0.006335797,0.003167899,0.002111933,0,0,0,0.001055966,0.17001057,0.020063357,0.17740232,0.026399156,0.10454065,0.06652587,0.12249208,0.011615628,0.012671595,0.007391763,0.00844773,0.006335797,0.012671595,0.004223865,0.025343189,0.003167899,0.023231257,0.1436114,0.028511088,0.041182682,0.012671595,0.13938753,0.005279831,0.08342133,0.082365364,0.0718057,0.024287222,0.07708553,0.053854275,0.029567054,0.052798312,0.011615628,0.07286167,0.032734953,0.1499472,0.036958817,0.036958817,0,0.009503696,0.002111933,0.015839493,0
77,0.4,0.011682243,0.037383176,0.007009346,0.000934579,0.003738318,0.003271028,0.007476636,0.005140187,0.003271028,0.002336449,0.001401869,0,0.024766356,0.005607477,0.042056076,0.046261683,0.003738318,0.003271028,0.002336449,0.001401869,0.007476636,0,0.000934579,0.022897197,0.013084112,0.046261683,0.039252337,0.014953272,0.00046729,0.001401869,0.00046729,0.007943925,0.005140187,0.00046729,0,0.001401869,0.000934579,0.000934579,0.060747664,0.010747664,0.061682243,0.005607477,0.008878505,0.008878505,0.0317757,0.005607477,0.006074766,0.005607477,0.003738318,0.000934579,0.002803738,0.00046729,0.004205607,0.004672897,0.022429906,0.15373832,0.09906542,0.046728972,0.15981309,0.06448598,0.006074766,0.056074765,0.027102804,0.019626169,0.026168223,0.024299065,0.024766356,0.004205607,0.002803738,0.000934579,0.007009346,0.005607477,0.1266355,0.021495327,0.028971963,0.004205607,0,0.001401869,0.004672897,0
78,0.5185185,0,0.01058201,0.005291005,0.005291005,0.005291005,0,0,0,0,0,0,0,0.005291005,0,0.037037037,0.052910052,0,0,0.005291005,0,0,0,0,0.005291005,0,0.052910052,0.005291005,0.031746034,0,0,0,0.01058201,0,0,0,0,0,0,0.23280424,0,0.15873016,0,0,0.005291005,0.05820106,0,0,0,0,0,0,0,0,0.005291005,0,0.11640212,0.052910052,0.01058201,0.04761905,0.037037037,0.23280424,0.037037037,0.01058201,0,0.005291005,0.01058201,0.026455026,0.01058201,0.01058201,0,0.5185185,0.005291005,0.05820106,0.04232804,0.052910052,0.01058201,0.015873017,0,0.11111111,0
79,0.5362463,0.003972195,0.008937438,0,0,0,0,0.000993049,0.001986097,0.000993049,0,0,0,0.004965243,0.005958292,0.041708045,0.017874876,0.001986097,0,0,0,0,0,0,0.007944389,0.004965243,0.031777557,0.003972195,0.001986097,0,0.000993049,0,0.001986097,0,0,0,0,0,0.000993049,0.27408144,0.003972195,0.1936445,0.004965243,0.008937438,0.009930487,0.040714994,0,0.000993049,0,0.000993049,0,0,0,0.000993049,0,0,0.04965243,0.02879841,0.04270109,0.03773585,0.020854022,0.19662364,0.012909632,0.005958292,0.002979146,0.003972195,0.004965243,0.02284012,0.005958292,0.001986097,0,0.42403176,0.005958292,0.05163853,0.017874876,0.02879841,0.01489573,0.009930487,0.020854022,0,0
80,0,0,0,0,0,0,0,0,0,0,0,0,0,0,0,0,0,0,0,0,0,0,0,0,0,0,0,0,0,0,0,0,0,0,0,0,0,0,0,0,0,0,0,0,0,0,0,0,0,0,0,0,0,0,0,0,0,0,0,0,0,0,0,0,0,0,0,0,0,0,0,0,0,0,0,0,0,0,0,0,0
